<?xml version="1.0" encoding="UTF-8"?>
<project-private xmlns="http://www.netbeans.org/ns/project-private/1">
    <editor-bookmarks xmlns="http://www.netbeans.org/ns/editor-bookmarks/2" lastBookmarkId="0"/>
    <open-files xmlns="http://www.netbeans.org/ns/projectui-open-files/2">
        <group>
            <file>file:/C:/Users/Forte/Desktop/AOOP_Project(TuffChat)/src/aoop_project/tuffchat/Status.java</file>
            <file>file:/C:/Users/Forte/Desktop/AOOP_Project(TuffChat)/src/aoop_project/tuffchat/AOOP_ProjectTuffChat.java</file>
            <file>file:/C:/Users/Forte/Desktop/AOOP_Project(TuffChat)/src/aoop_project/tuffchat/User.java</file>
            <file>file:/C:/Users/Forte/Desktop/AOOP_Project(TuffChat)/src/aoop_project/tuffchat/Name.java</file>
        </group>
    </open-files>
</project-private>
